Presence penalty,Score
0.0,0.6933333333333334
0.1,1.0
0.2,1.0
0.3,1.0
0.4,0.3833333333333333
0.5,1.0
0.6,0.7266666666666667
0.7,0.3333333333333333
0.8,0.6633333333333333
0.9,0.5733333333333334
1.0,0.7833333333333333
1.1,0.6666666666666666
1.2,0.33
1.3,0.0
1.4,0.0033333333333333335
1.5,0.2966666666666667
1.6,0.0
1.7,0.0
1.8,0.0
1.9,0.0
2.0,0.0
