Presence penalty,Score
0.0,0.6666666666666666
0.1,1.0
0.2,1.0
0.3,1.0
0.4,0.7933333333333333
0.5,0.53
0.6,0.8266666666666667
0.7,0.39999999999999997
0.8,0.21
0.9,0.59
1.0,0.4033333333333333
1.1,0.5733333333333334
1.2,0.3333333333333333
1.3,0.0
1.4,0.0
1.5,0.0
1.6,0.3733333333333333
1.7,0.16
1.8,0.09999999999999999
1.9,0.21
2.0,0.0
