Presence penalty,Score
0.0,0.94
0.1,0.8700000000000001
0.2,0.9566666666666667
0.3,0.6333333333333333
0.4,0.87
0.5,0.94
0.6,0.7366666666666667
0.7,0.87
0.8,0.94
0.9,0.5566666666666666
1.0,0.7200000000000001
1.1,0.6333333333333334
1.2,0.3466666666666667
1.3,0.4133333333333334
1.4,0.3366666666666667
1.5,0.3366666666666667
1.6,0.4133333333333334
1.7,0.12666666666666668
1.8,0.05000000000000001
1.9,0.12666666666666668
2.0,0.12666666666666668
