Frequency penalty,Score
0.0,1.0
0.1,1.0
0.2,0.7633333333333333
0.3,0.59
0.4,0.21
0.5,0.26666666666666666
0.6,0.13999999999999999
0.7,0.0
0.8,0.0
0.9,0.0
1.0,0.0
