Frequency penalty,Score
0.0,1.0
0.1,1.0
0.2,0.66
0.3,0.3333333333333333
0.4,0.13
0.5,0.0
0.6,0.0
0.7,0.0
0.8,0.0
0.9,0.013333333333333334
1.0,0.0
