Frequency penalty,Turnitin,OpenAI classifier,GPT2 detector
0.0,1.0,0.9733333333333332,1.0
0.1,1.0,0.7533333333333333,1.0
0.2,0.7633333333333333,0.8700000000000001,0.66
0.3,0.59,0.5733333333333334,0.3333333333333333
0.4,0.21,0.3366666666666666,0.13
0.5,0.2666666666666666,0.5466666666666667,0.0
0.6,0.1399999999999999,0.5466666666666667,0.0
0.7,0.0,0.1266666666666666,0.0
0.8,0.0,0.26,0.0
0.9,0.0,0.1266666666666666,0.0133333333333333
1.0,0.0,0.26,0.0
