Frequency penalty,Score
0.0,0.9733333333333333
0.1,0.7533333333333333
0.2,0.8700000000000001
0.3,0.5733333333333334
0.4,0.33666666666666667
0.5,0.5466666666666667
0.6,0.5466666666666667
0.7,0.12666666666666668
0.8,0.26000000000000006
0.9,0.12666666666666668
1.0,0.26000000000000006
