Temperature,Turnitin,OpenAI classifier,GPT2 detector
0.0,1.0,0.99,1.0
0.1,1.0,0.99,1.0
0.2,1.0,0.99,1.0
0.3,1.0,0.99,1.0
0.4,1.0,0.99,1.0
0.5,1.0,0.99,1.0
0.6,1.0,0.9733333333333332,1.0
0.7,1.0,0.99,1.0
0.8,1.0,0.9566666666666668,1.0
0.9,1.0,0.99,1.0
1.0,0.63,0.7666666666666667,0.71
