Temperature,Score
0.0,0.9899999999999999
0.1,0.9899999999999999
0.2,0.9899999999999999
0.3,0.9899999999999999
0.4,0.9899999999999999
0.5,0.9899999999999999
0.6,0.9733333333333333
0.7,0.9899999999999999
0.8,0.9566666666666667
0.9,0.9899999999999999
1.0,0.7666666666666667
